PrimerName	Sequence	Pool	Length	Tm	GC%	Start	End
SARSCoV_1200_1_LEFT	ACCAACCAACTTTCGATCTCTTGT	1	24	60.69	41.67	30	54
SARSCoV_1200_1_RIGHT	GGTTGCATTCATTTGGTGACGC	1	22	61.49	50	1205	1183
SARSCoV_1200_3_LEFT	GGCTTGAAGAGAAGTTTAAGGAAGGT	1	26	61.19	42.31	2153	2179
SARSCoV_1200_3_RIGHT	GATTGTCCTCACTGCCGTCTTG	1	22	61.5	54.55	3257	3235
SARSCoV_1200_5_LEFT	TGGGTGATGTTGTTCAAGAGGG	1	22	60.49	50	4125	4146
SARSCoV_1200_5_RIGHT	AGCATCTTGTAGAGCAGGTGGA	1	22	61.16	50	5359	5337
SARSCoV_1200_7_LEFT	ACCTGGTGTATACGTTGTCTTTGG	1	24	60.8	45.83	6283	6307
SARSCoV_1200_7_RIGHT	GCTGAAATCGGGGCCATTTGTA	1	22	61.53	50	7401	7379
SARSCoV_1200_9_LEFT	AGAAGTTACTGGCGATAGTTGTAATAACT	1	29	60.59	34.48	8253	8282
SARSCoV_1200_9_RIGHT	TGCTGATATGTCCAAAGCACCA	1	22	60.29	45.45	9400	9378
SARSCoV_1200_11_LEFT	AGACACCTAAGTATAAGTTTGTTCGCA	1	27	60.74	37.04	10343	10370
SARSCoV_1200_11_RIGHT	GCCCACATGGAAATGGCTTGAT	1	22	61.8	50	11469	11447
SARSCoV_1200_13_LEFT	ACCTCTTACAACAGCAGCCAAAC	1	23	61.55	47.83	12450	12473
SARSCoV_1200_13_RIGHT	CGTCCTTTTCTTGGAAGCGACA	1	22	61.38	50	13621	13599
SARSCoV_1200_15_LEFT	TTTTAAGGAATTACTTGTGTATGCTGCT	1	28	60.06	32.14	14540	14568
SARSCoV_1200_15_RIGHT	ACACACAACAGCATCGTCAGAG	1	22	61.12	50	15735	15713
SARSCoV_1200_17_LEFT	TCAAGCTTTTTGCAGCAGAAACG	1	23	61.28	43.48	16624	16647
SARSCoV_1200_17_RIGHT	CCAAGCAGGGTTACGTGTAAGG	1	22	61.19	54.55	17754	17732
SARSCoV_1200_19_LEFT	GGCACATGGCTTTGAGTTGACA	1	22	61.91	50	18596	18618
SARSCoV_1200_19_RIGHT	CCTGTTGTCCATCAAAGTGTCCC	1	23	61.62	52.17	19678	19655
SARSCoV_1200_21_LEFT	TCTGTAGTTTCTAAGGTTGTCAAAGTGA	1	28	60.58	35.71	20553	20581
SARSCoV_1200_21_RIGHT	GCAGGGGGTAATTGAGTTCTGG	1	22	60.95	54.55	21642	21620
SARSCoV_1200_21_BA-univ_RIGHT	ACCTCTTAGTACCATTGGTCCCAG	1	24	61.37	50	21797	21774
SARSCoV_1200_23_LEFT	ACTTTAGAGTCCAACCAACAGAATCT	1	26	60.18	38.46	22511	22537
SARSCoV_1200_23_RIGHT	TGACTAGCTACACTACGTGCCC	1	22	61.52	54.55	23631	23609
SARSCoV_1200_25_LEFT	TGCTGCTACTAAAATGTCAGAGTGT	1	25	60.51	40	24633	24658
SARSCoV_1200_25_RIGHT	CATTTCCAGCAAAGCCAAAGCC	1	22	61.45	50	25790	25768
SARSCoV_1200_27_LEFT	TGGATCACCGGTGGAATTGCTA	1	22	61.75	50	26744	26766
SARSCoV_1200_27_RIGHT	TGTTCGTTTAGGCGTGACAAGT	1	22	60.74	45.45	27894	27872
SARSCoV_1200_29_LEFT	TGAGGGAGCCTTGAATACACCA	1	22	61.1	50	28677	28699
SARSCoV_1200_29_RIGHT	TAGGCAGCTCTCCCTAGCATTG	1	22	61.61	54.55	29790	29768
SARSCoV_1200_2_LEFT	CCATAATCAAGACTATTCAACCAAGGGT	2	28	61.27	39.29	1100	1128
SARSCoV_1200_2_RIGHT	ACAGGTGACAATTTGTCCACCG	2	22	61.33	50	2266	2244
SARSCoV_1200_4_LEFT	GGAATTTGGTGCCACTTCTGCT	2	22	61.66	50	3144	3166
SARSCoV_1200_4_RIGHT	CCTGACCCGGGTAAGTGGTTAT	2	22	61.49	54.55	4262	4240
SARSCoV_1200_6_LEFT	ACTTCTATTAAATGGGCAGATAACAACTG	2	29	60.18	34.48	5257	5286
SARSCoV_1200_6_RIGHT	GATTATCCATTCCCTGCGCGTC	2	22	61.75	54.55	6380	6358
SARSCoV_1200_8_LEFT	CAATCATGCAATTGTTTTTCAGCTATTTTG	2	30	60.39	30	7298	7328
SARSCoV_1200_8_RIGHT	TGACTTTTTGCTACCTGCGCAT	2	22	61.39	45.45	8385	8363
SARSCoV_1200_10_LEFT	TTTACCAGGAGTTTTCTGTGGTGT	2	24	60.32	41.67	9303	9327
SARSCoV_1200_10_RIGHT	TGGGCCTCATAGCACATTGGTA	2	22	61.5	50	10451	10429
SARSCoV_1200_12_LEFT	ATGGTGCTAGGAGAGTGTGGAC	2	22	61.48	54.55	11372	11394
SARSCoV_1200_12_RIGHT	GGATTTCCCACAATGCTGATGC	2	22	60.48	50	12560	12538
SARSCoV_1200_14_LEFT	ACAGGCACTAGTACTGATGTCGT	2	23	61.12	47.83	13509	13532
SARSCoV_1200_14_RIGHT	GTGCAGCTACTGAAAAGCACGT	2	22	61.94	50	14641	14619
SARSCoV_1200_16_LEFT	ACAACACAGACTTTATGAGTGTCTCT	2	26	60.18	38.46	15608	15634
SARSCoV_1200_16_RIGHT	CTCTGTCAGACAGCACTTCACG	2	22	61.17	54.55	16720	16698
SARSCoV_1200_18_LEFT	GCACATAAAGACAAATCAGCTCAATGC	2	27	62.03	40.74	17622	17649
SARSCoV_1200_18_RIGHT	TGTCTGAAGCAGTGGAAAAGCA	2	22	60.68	45.45	18706	18684
SARSCoV_1200_20_LEFT	ACAATTTGATACTTATAACCTCTGGAACAC	2	30	60.15	33.33	19574	19604
SARSCoV_1200_20_RIGHT	GATTAGGCATAGCAACACCCGG	2	22	61.39	54.55	20698	20676
SARSCoV_1200_22_LEFT	GTGATGTTCTTGTTAACAACTAAACGAACA	2	30	61.44	33.33	21532	21562
SARSCoV_1200_22_RIGHT	AACAGATGCAAATCTGGTGGCG	2	22	62.03	50	22612	22590
SARSCoV_1200_22_RIGHT_22603G	AACAGATGCAAATGTGGTGGCG	2	22		50	22612	22590
SARSCoV_1200_24_LEFT	GCAGGCTGTTTAATAGGGGCT	2	21	60.41	52.38	23492	23512
SARSCoV_1200_24_RIGHT	ATGAGGTGCTGACTGAGGGAAG	2	22	61.74	54.55	24736	24714
SARSCoV_1200_26_LEFT	GCCTTGAAGCCCCTTTTCTCTA	2	22	60.29	50	25690	25712
SARSCoV_1200_26_RIGHT	AATGACCACATGGAACGCGTAC	2	22	61.5	50	26857	26835
SARSCoV_1200_28_LEFT	TTTGTGCTTTTTAGCCTTTCTGCT	2	24	60.14	37.5	27784	27808
SARSCoV_1200_28_27837T_LEFT	TTTGTGCTTTTTAGCCTTTCTGTT	2	24	63.8	33.33	27784	27808
SARSCoV_1200_28_RIGHT	GTTTGGCCTTGTTGTTGTTGGC	2	22	61.82	50	29007	28985
